﻿【A-SPEC】データ出力,,
,,,
器具名称,品番,品名,playwright_test_Type1_pack_Case2_No.1
鏡,KF-3610AS,ｽﾘﾑﾐﾗｰ(防錆･360×1000),1
パック,PTWC-CC181L,多機能ﾄｲﾚﾊﾟｯｸ(ｵｽﾄﾒｲﾄ対応流し有･間口2000mm･側面仕上げ),1
パック付属品,CW-PC12Q1-NECK-UR2-TU,シャワートイレ（便フタなし・固定強化ボルト・多機能トイレパック専用）,1
チェンジングボード,AC-CB-14,ﾁｪﾝｼﾞﾝｸﾞﾎﾞｰﾄﾞ,1
ベビーキープ,AC-BK-F62,ﾍﾞﾋﾞｰｷｰﾌﾟ,1
おむつ交換台,AC-OK-F11,縦型おむつ交換台,1
フック,KF-28,ﾀﾞﾌﾞﾙﾌｯｸ,2
,,,
,,,
ID,,,96b1e5bc-bc9d-4910-8e88-42250fa0e0b6
