﻿【A-SPEC】データ出力,,
,,,
器具名称,品番,品名,playwright_test_Type1_Case1_No.1
大便器,C-P16P,壁掛式洋風便器(給水露出形),1
大便器付属品,OKC-AT6112S,オートフラッシュＣセンサー一体形フラッシュバルブ（壁給水）,1
大便器付属品,CW-PA21-NEC,シャワートイレＰＡシリーズ（ＰＡ２１・フタ無・壁リモコン）,1
大便器付属品,CF-23PCU,固定スタンド,1
大便器付属品,etc,その他付属品,1
紙巻器,CF-AA64S,棚付2連紙巻器,1
L型手すり,KF-922AEL80J,多用途用手すり(L型･樹脂被覆ﾀｲﾌﾟ),1
洗面器,L-365,車いす対応洗面器,1
洗面器付属品,AM-311CV1,自動単水栓（１００Ｖ・排水栓なし・グースネック・手動スイッチ）／オートマージュ,1
洗面器付属品,LF-97PA,プッシュワンウェイ式壁排水Ｐトラップ,1
洗面器付属品,etc,その他付属品,1
鏡,KF-4510A,化粧鏡(防錆･450×1000),1
はね上げ式手すり,KF-471EH60JU,はね上げ式手すり(樹脂被覆ﾀｲﾌﾟ･ﾛｯｸ付),1
背もたれ,KFC-270T1U,背もたれﾌﾗｯｼｭﾊﾞﾙﾌﾞ用,1
オストメイト,PTOM-B210_R,ｵｽﾄﾒｲﾄﾊﾟｯｸ(電気温水器なし),1
チェンジングボード,AC-CB-14,ﾁｪﾝｼﾞﾝｸﾞﾎﾞｰﾄﾞ,1
フック,KF-28,ﾀﾞﾌﾞﾙﾌｯｸ,2
,,,
,,,
ID,,,7c10642f-5e33-4a1f-9934-cfcd00b18a1e
