﻿【A-SPEC】データ出力,,
,,,
器具名称,品番,品名,test_playwright_Type2_Case4_No.1
大便器,BC-K21S,ﾊﾟﾌﾞﾘｯｸ向けﾀﾝｸﾚｽﾄｲﾚ便器部(床排水),5
大便器付属品,DV-K213GL-R1,パブリック向けタンクレス機能部（Ｋ２１３Ｇ・床排水・発電壁リモコン・洗浄タッチスイッチ付）,5
紙巻器,CF-63HST,棚付ワンタッチ式２連紙巻器（ステンレス仕様・高耐荷重タイプ）,5
L型手すり,KF-920AE70D12J,多用途用手すり(L型･樹脂被覆ﾀｲﾌﾟ),5
洗面器,L-A951KA2E,ﾊｲﾊﾞｯｸｶﾞｰﾄﾞ洗面器(Mｻｲｽﾞ･混合水栓100V･壁給水･水石けん手動),6
洗面器付属品,LF-30PAL,排水Ｐトラップ,6
洗面器付属品,A-6223,排水口カバー（２５ｍｍ用）,6
洗面器付属品,etc,その他付属品,6
洗面器手すり,KF-312AE55J,洗面器用手すり(壁床固定式･樹脂被覆ﾀｲﾌﾟ),1
鏡,KF-3610AS,ｽﾘﾑﾐﾗｰ(防錆･360×1000),7
ハンドドライヤー,KS-570AH,ﾊﾝﾄﾞﾄﾞﾗｲﾔｰ(ｽﾋﾟｰﾄﾞｼﾞｪｯﾄ壁掛けﾀｲﾌﾟ･100V･ﾋｰﾀｰあり･整流子),1
,,,
,,,
ID,,,8ff9fc69-6356-48b2-909b-c6594539a3bb
