﻿【A-SPEC】データ出力,,
,,,
器具名称,品番,品名,test_playwright_Type2_Case5_No.1
大便器,C-P18PA,ﾊﾟﾌﾞﾘｯｸ向け壁掛便器,5
大便器付属品,OKC-AT780-1,オートフラッシュＣセパレート形フラッシュバルブ（埋込形・ボックス無）,5
大便器付属品,OKC-8SY,大便器洗浄用センサースイッチ（有線）,5
大便器付属品,CW-PA21L-NE,シャワートイレＰＡシリーズ（ＰＡ２１・発電壁リモコン）,5
大便器付属品,CF-23PCU,固定スタンド,5
大便器付属品,etc,その他付属品,5
紙巻器,CF-63HST,棚付ワンタッチ式２連紙巻器（ステンレス仕様・高耐荷重タイプ）,5
L型手すり,KF-920AE70D12J,多用途用手すり(L型･樹脂被覆ﾀｲﾌﾟ),5
洗面器,L-A951KA2E,ﾊｲﾊﾞｯｸｶﾞｰﾄﾞ洗面器(Mｻｲｽﾞ･混合水栓100V･壁給水･水石けん手動),4
洗面器付属品,LF-30PAL,排水Ｐトラップ,4
洗面器付属品,A-6223,排水口カバー（２５ｍｍ用）,4
洗面器付属品,etc,その他付属品,4
洗面器手すり,KF-312AE55J,洗面器用手すり(壁床固定式･樹脂被覆ﾀｲﾌﾟ),1
鏡,KF-3610AS,ｽﾘﾑﾐﾗｰ(防錆･360×1000),4
ハンドドライヤー,KS-570AH,ﾊﾝﾄﾞﾄﾞﾗｲﾔｰ(ｽﾋﾟｰﾄﾞｼﾞｪｯﾄ壁掛けﾀｲﾌﾟ･100V･ﾋｰﾀｰあり･整流子),1
,,,
,,,
ID,,,4d7a9b93-a7f3-4bb9-97eb-058d03cb7f7f
