﻿【A-SPEC】データ出力,,
,,
器具名称,品番,test_playwright_Type2_Case5_No.1
大便器,C-P18PA,4
大便器付属品,OKC-8SY,4
大便器付属品,OKC-AT780-1,4
大便器付属品,CF-23PCU,4
大便器付属品,CW-PA21L-NE,4
紙巻器,CF-63HST,4
L型手すり,KF-920AE70D12J,4
小便器,U-A12AP,6
小便器手すり,KF-701AEJ,1
洗面器,L-A951KA2E,2
洗面器付属品,LF-30PAL,2
洗面器付属品,A-6223,2
洗面器手すり,KF-312AE55J,1
鏡,KF-3610AS,2
,,
,,
ID,,47bda8ad-c8e7-4523-a2c2-f3e8fc774350
