﻿【A-SPEC】データ出力,,
,,
器具名称,品番,test_playwright_Type2_Case3_No.1
大便器,C-P18PA,2
大便器付属品,OKC-AT780-1,2
大便器付属品,CF-23PCU,2
大便器付属品,OKC-8SY,2
大便器付属品,CW-PA21L-NE,2
紙巻器,CF-63HST,2
L型手すり,KF-920AE70D12J,2
小便器,U-A12AP,2
小便器手すり,KF-701AEJ,1
洗面器,L-A951KA2E,3
洗面器付属品,A-6223,3
洗面器付属品,LF-30PAL,3
洗面器手すり,KF-312AE55J,1
鏡,KF-3610AS,3
,,
,,
ID,,5d9fde8d-676a-4dc1-9530-2b86c2ce9b0d
