﻿【A-SPEC】データ出力,,
,,,
器具名称,品番,品名,test_playwright_Type2_Case3_No.1
大便器,BC-K21S,ﾊﾟﾌﾞﾘｯｸ向けﾀﾝｸﾚｽﾄｲﾚ便器部(床排水),5
大便器付属品,DV-K213GL-R1,パブリック向けタンクレス機能部（Ｋ２１３Ｇ・床排水・発電壁リモコン・洗浄タッチスイッチ付）,5
紙巻器,CF-63HST,棚付ワンタッチ式２連紙巻器（ステンレス仕様・高耐荷重タイプ）,5
L型手すり,KF-920AE70D12J,多用途用手すり(L型･樹脂被覆ﾀｲﾌﾟ),5
洗面器,カウンター,,2
洗面器手すり,カウンター手すり,,1
鏡,KF-3610AS,ｽﾘﾑﾐﾗｰ(防錆･360×1000),2
,,,
,,,
ID,,,158ded38-c193-46e3-a2f3-ae60119be1b0
