﻿【A-SPEC】データ出力,,
,,,
器具名称,品番,品名,playwright_test_Type1_pack_Case1_No.1
鏡,KF-3610AS,ｽﾘﾑﾐﾗｰ(防錆･360×1000),1
ハンドドライヤー,KS-580AH,ﾊﾝﾄﾞﾄﾞﾗｲﾔｰ(ｽﾋﾟｰﾄﾞｼﾞｪｯﾄ壁掛けｺﾝﾊﾟｸﾄﾀｲﾌﾟ･100V･ﾋｰﾀｰあり),1
パック,PTWC-HC103L,多機能ﾄｲﾚﾊﾟｯｸ(ﾀﾝｸ式･ｵｽﾄﾒｲﾄ対応流し無･洗面器有･手洗器有),1
パック付属品,CW-PC12-CK-UR-TU,シャワートイレスリムタイプ（便フタなし・固定強化ボルト）,1
チェンジングボード,AC-CB-14,ﾁｪﾝｼﾞﾝｸﾞﾎﾞｰﾄﾞ,1
フック,KF-28,ﾀﾞﾌﾞﾙﾌｯｸ,2
,,,
,,,
ID,,,047b2ab3-dfdb-4205-8416-a97f4a46a3e2
