﻿【A-SPEC】データ出力,,
,,,
器具名称,品番,品名,playwright_test_Type1_Case2_No.1
大便器,C-P111PA,ｸｲｯｸﾀﾝｸ式壁掛便器(ｶﾊﾞｰ付),1
大便器付属品,CW-PA21LQE-NE-R1,シャワートイレＰＡシリーズ（ＰＡ２１・フルオート洗浄・発電壁リモコン・洗浄タッチスイッチ付）,1
大便器付属品,DQ-PB150P,クイックタンク式壁掛便器用タンクセット,1
大便器付属品,CF-23PCR,便器固定スタンド,1
大便器付属品,etc,その他付属品,1
紙巻器,CF-AA64S,棚付2連紙巻器,1
L型手すり,KF-H920AEL70D12J,多用途用手すり(L型),1
洗面器,L-275,カウンター一体形洗面器,1
洗面器付属品,AM-311CV1,自動単水栓（１００Ｖ・排水栓なし・グースネック・手動スイッチ）／オートマージュ,1
洗面器付属品,KF-24F,水石けん入れ（洗面器取付用・上タンク式）,1
洗面器付属品,LF-105PA,排水Ｐトラップ,1
洗面器付属品,etc,その他付属品,1
鏡,KF-4510A,化粧鏡(防錆･450×1000),1
ハンドドライヤー,KS-580AH,ﾊﾝﾄﾞﾄﾞﾗｲﾔｰ(ｽﾋﾟｰﾄﾞｼﾞｪｯﾄ壁掛けｺﾝﾊﾟｸﾄﾀｲﾌﾟ･100V･ﾋｰﾀｰあり),1
はね上げ式手すり,KF-471EH70JU,はね上げ式手すり(樹脂被覆ﾀｲﾌﾟ･ﾛｯｸ付),1
背もたれ,KFC-276T1U,背もたれ(ﾊﾟﾌﾞﾘｯｸ向け壁掛便器専用ﾗｲﾆﾝｸﾞ用),1
チェンジングボード,AC-CB-14,ﾁｪﾝｼﾞﾝｸﾞﾎﾞｰﾄﾞ,1
ベビーキープ,AC-BK-F62,ﾍﾞﾋﾞｰｷｰﾌﾟ,1
おむつ交換台,AC-OK-F11,縦型おむつ交換台,1
ユニバーサルシート,AC-US-41,ﾕﾆﾊﾞｰｻﾙｼｰﾄ,1
フック,KF-28,ﾀﾞﾌﾞﾙﾌｯｸ,2
,,,
,,,
ID,,,28ffe2f7-8fb0-42ef-8c02-edc0d2ed20de
