﻿【A-SPEC】データ出力,,
,,,
器具名称,品番,品名,test_playwright_Type2_Case2_No.1
大便器,BC-K21S,ﾊﾟﾌﾞﾘｯｸ向けﾀﾝｸﾚｽﾄｲﾚ便器部(床排水),2
大便器付属品,DV-K213GL-R1,パブリック向けタンクレス機能部（Ｋ２１３Ｇ・床排水・発電壁リモコン・洗浄タッチスイッチ付）,2
紙巻器,CF-63HST,棚付ワンタッチ式２連紙巻器（ステンレス仕様・高耐荷重タイプ）,2
L型手すり,KF-920AE70D12J,多用途用手すり(L型･樹脂被覆ﾀｲﾌﾟ),2
小便器,U-A12AP,ｾﾝｻｰ一体形ｽﾄｰﾙ小便器(ｸﾘｰﾝﾄﾗｯﾌﾟ),3
小便器手すり,KF-701AEJ,小便器用手すり(樹脂被覆ﾀｲﾌﾟ),1
洗面器,カウンター,,3
洗面器手すり,カウンター手すり,,1
鏡,KF-3610AS,ｽﾘﾑﾐﾗｰ(防錆･360×1000),3
ハンドドライヤー,KS-570AH,ﾊﾝﾄﾞﾄﾞﾗｲﾔｰ(ｽﾋﾟｰﾄﾞｼﾞｪｯﾄ壁掛けﾀｲﾌﾟ･100V･ﾋｰﾀｰあり･整流子),1
,,,
,,,
ID,,,cdaf6ccd-457c-47cd-8252-6c9ea93672d5
